,,,,,After Submitting the Usage Events,,,,,,After submitting the Usage Events,,,,
user,month,task type,events,charged total,events,charged total,,Monthly Totals,2026-08,2026-09,2026-08,2026-09,VALIDATION,,
usage-demo-alice,2026-08,summary,8,$5.44,8,$5.44,,usage-demo-alice,$14.23,$13.38,$14.23,$14.20,$14.20,,
usage-demo-alice,2026-08,tagging,8,$5.44,8,$5.44,,usage-demo-bob,$21.34,$18.36,$21.34,$18.36,$18.36,,
usage-demo-alice,2026-08,transcription,8,$3.35,8,$3.35,,,,,,,,,
usage-demo-alice,2026-09,summary,8,$4.68,10,$4.70,,,,,,,,,
usage-demo-alice,2026-09,tagging,8,$4.68,94,$4.73,,,,,,,,,
usage-demo-alice,2026-09,transcription,14,$4.02,18,$4.77,,,,,,,,,
usage-demo-bob,2026-08,summary,8,$8.16,8,$8.16,,,,,,,,,
usage-demo-bob,2026-08,tagging,8,$8.16,8,$8.16,,,,,,,,,
usage-demo-bob,2026-08,transcription,8,$5.02,8,$5.02,,,,,,,,,
usage-demo-bob,2026-09,summary,8,$7.02,8,$7.02,,,,,,,,,
usage-demo-bob,2026-09,tagging,8,$7.02,8,$7.02,,,,,,,,,
usage-demo-bob,2026-09,transcription,8,$4.32,8,$4.32,,,,,,,,,
,,,,,,,,,,,,,,,
,,,,,,,,,,,,,,,
,,,,,,,,,,,,,,,
username,month_utc,task_type,model_name,status,currency,usage_event_count,input_tokens,cached_input_tokens,output_tokens,audio_duration_seconds,known_base_cost_total,unknown_base_cost_event_count,stored_billed_cost_total,unknown_billed_cost_event_count,finalized_charge_total
usage-demo-alice,2026-08,summary,usage-demo-summary,failed,USD,1,,,,,,1,,1,$0.00
usage-demo-alice,2026-08,summary,usage-demo-summary,pending,USD,1,,,,,,1,,1,$0.00
usage-demo-alice,2026-08,summary,usage-demo-summary,reconciliation_required,USD,1,,,,,,1,,1,$0.00
usage-demo-alice,2026-08,summary,usage-demo-summary,simulated,USD,1,,,,,$0.00,0,$0.00,0,$0.00
usage-demo-alice,2026-08,summary,usage-demo-summary,succeeded,USD,8,792000,72000,216000,,$2.11,0,$5.44,0,$5.44
usage-demo-alice,2026-08,tagging,usage-demo-tagging,failed,USD,1,,,,,,1,,1,$0.00
usage-demo-alice,2026-08,tagging,usage-demo-tagging,pending,USD,1,,,,,,1,,1,$0.00
usage-demo-alice,2026-08,tagging,usage-demo-tagging,reconciliation_required,USD,1,,,,,,1,,1,$0.00
usage-demo-alice,2026-08,tagging,usage-demo-tagging,simulated,USD,1,,,,,$0.00,0,$0.00,0,$0.00
usage-demo-alice,2026-08,tagging,usage-demo-tagging,succeeded,USD,8,792000,72000,216000,,$2.11,0,$5.44,0,$5.44
usage-demo-alice,2026-08,transcription,usage-demo-transcription,failed,USD,1,,,,,,1,,1,$0.00
usage-demo-alice,2026-08,transcription,usage-demo-transcription,pending,USD,1,,,,,,1,,1,$0.00
usage-demo-alice,2026-08,transcription,usage-demo-transcription,reconciliation_required,USD,1,,,,,,1,,1,$0.00
usage-demo-alice,2026-08,transcription,usage-demo-transcription,simulated,USD,1,,,,,$0.00,0,$0.00,0,$0.00
usage-demo-alice,2026-08,transcription,usage-demo-transcription,succeeded,USD,8,,,,12960,$1.30,0,$3.35,0,$3.35
usage-demo-alice,2026-09,summary,usage-demo-summary,failed,USD,1,,,,,,1,,1,$0.00
usage-demo-alice,2026-09,summary,usage-demo-summary,pending,USD,1,,,,,,1,,1,$0.00
usage-demo-alice,2026-09,summary,usage-demo-summary,reconciliation_required,USD,1,,,,,,1,,1,$0.00
usage-demo-alice,2026-09,summary,usage-demo-summary,simulated,USD,1,,,,,$0.00,0,$0.00,0,$0.00
usage-demo-alice,2026-09,summary,usage-demo-summary,succeeded,USD,8,792000,72000,216000,,$2.11,0,$4.68,0,$4.68
usage-demo-alice,2026-09,tagging,usage-demo-tagging,failed,USD,1,,,,,,1,,1,$0.00
usage-demo-alice,2026-09,tagging,usage-demo-tagging,pending,USD,1,,,,,,1,,1,$0.00
usage-demo-alice,2026-09,tagging,usage-demo-tagging,reconciliation_required,USD,1,,,,,,1,,1,$0.00
usage-demo-alice,2026-09,tagging,usage-demo-tagging,simulated,USD,1,,,,,$0.00,0,$0.00,0,$0.00
usage-demo-alice,2026-09,tagging,usage-demo-tagging,succeeded,USD,8,792000,72000,216000,,$2.11,0,$4.68,0,$4.68
usage-demo-alice,2026-09,transcription,gpt-transcribe,succeeded,USD,6,,,,3812.426125,$0.29,0,$1.14,0,$1.14
usage-demo-alice,2026-09,transcription,usage-demo-transcription,failed,USD,1,,,,,,1,,1,$0.00
usage-demo-alice,2026-09,transcription,usage-demo-transcription,pending,USD,1,,,,,,1,,1,$0.00
usage-demo-alice,2026-09,transcription,usage-demo-transcription,reconciliation_required,USD,1,,,,,,1,,1,$0.00
usage-demo-alice,2026-09,transcription,usage-demo-transcription,simulated,USD,1,,,,,$0.00,0,$0.00,0,$0.00
usage-demo-alice,2026-09,transcription,usage-demo-transcription,succeeded,USD,8,,,,12960,$1.30,0,$2.88,0,$2.88
usage-demo-bob,2026-08,summary,usage-demo-summary,failed,USD,1,,,,,,1,,1,$0.00
usage-demo-bob,2026-08,summary,usage-demo-summary,pending,USD,1,,,,,,1,,1,$0.00
usage-demo-bob,2026-08,summary,usage-demo-summary,reconciliation_required,USD,1,,,,,,1,,1,$0.00
usage-demo-bob,2026-08,summary,usage-demo-summary,simulated,USD,1,,,,,$0.00,0,$0.00,0,$0.00
usage-demo-bob,2026-08,summary,usage-demo-summary,succeeded,USD,8,1188000,108000,324000,,$3.16,0,$8.16,0,$8.16
usage-demo-bob,2026-08,tagging,usage-demo-tagging,failed,USD,1,,,,,,1,,1,$0.00
usage-demo-bob,2026-08,tagging,usage-demo-tagging,pending,USD,1,,,,,,1,,1,$0.00
usage-demo-bob,2026-08,tagging,usage-demo-tagging,reconciliation_required,USD,1,,,,,,1,,1,$0.00
usage-demo-bob,2026-08,tagging,usage-demo-tagging,simulated,USD,1,,,,,$0.00,0,$0.00,0,$0.00
usage-demo-bob,2026-08,tagging,usage-demo-tagging,succeeded,USD,8,1188000,108000,324000,,$3.16,0,$8.16,0,$8.16
usage-demo-bob,2026-08,transcription,usage-demo-transcription,failed,USD,1,,,,,,1,,1,$0.00
usage-demo-bob,2026-08,transcription,usage-demo-transcription,pending,USD,1,,,,,,1,,1,$0.00
usage-demo-bob,2026-08,transcription,usage-demo-transcription,reconciliation_required,USD,1,,,,,,1,,1,$0.00
usage-demo-bob,2026-08,transcription,usage-demo-transcription,simulated,USD,1,,,,,$0.00,0,$0.00,0,$0.00
usage-demo-bob,2026-08,transcription,usage-demo-transcription,succeeded,USD,8,,,,19440,$1.94,0,$5.02,0,$5.02
usage-demo-bob,2026-09,summary,usage-demo-summary,failed,USD,1,,,,,,1,,1,$0.00
usage-demo-bob,2026-09,summary,usage-demo-summary,pending,USD,1,,,,,,1,,1,$0.00
usage-demo-bob,2026-09,summary,usage-demo-summary,reconciliation_required,USD,1,,,,,,1,,1,$0.00
usage-demo-bob,2026-09,summary,usage-demo-summary,simulated,USD,1,,,,,$0.00,0,$0.00,0,$0.00
usage-demo-bob,2026-09,summary,usage-demo-summary,succeeded,USD,8,1188000,108000,324000,,$3.16,0,$7.02,0,$7.02
usage-demo-bob,2026-09,tagging,usage-demo-tagging,failed,USD,1,,,,,,1,,1,$0.00
usage-demo-bob,2026-09,tagging,usage-demo-tagging,pending,USD,1,,,,,,1,,1,$0.00
usage-demo-bob,2026-09,tagging,usage-demo-tagging,reconciliation_required,USD,1,,,,,,1,,1,$0.00
usage-demo-bob,2026-09,tagging,usage-demo-tagging,simulated,USD,1,,,,,$0.00,0,$0.00,0,$0.00
usage-demo-bob,2026-09,tagging,usage-demo-tagging,succeeded,USD,8,1188000,108000,324000,,$3.16,0,$7.02,0,$7.02
usage-demo-bob,2026-09,transcription,usage-demo-transcription,failed,USD,1,,,,,,1,,1,$0.00
usage-demo-bob,2026-09,transcription,usage-demo-transcription,pending,USD,1,,,,,,1,,1,$0.00
usage-demo-bob,2026-09,transcription,usage-demo-transcription,reconciliation_required,USD,1,,,,,,1,,1,$0.00
usage-demo-bob,2026-09,transcription,usage-demo-transcription,simulated,USD,1,,,,,$0.00,0,$0.00,0,$0.00
usage-demo-bob,2026-09,transcription,usage-demo-transcription,succeeded,USD,8,,,,19440,$1.94,0,$4.32,0,$4.32
